movie_id,genre
tt0012494,Drama
tt0012494,Fantasy
tt0012494,Thriller
tt0038733,Comedy
tt0038733,Drama
tt0038733,Fantasy
tt0060908,Comedy
tt0060908,Drama
tt0069049,Drama
tt0071145,Drama
tt0082620,Horror
tt0083907,Horror
tt0085953,Horror
tt0095857,Comedy
tt0095857,Drama
tt0097268,Drama
tt0100275,Comedy
tt0100275,Drama
tt0100275,Fantasy
tt0116851,Drama
tt0116851,Family
tt0116851,Romance
tt0137204,Adventure
tt0137204,Comedy
tt0147855,Drama
tt0192669,Action
tt0192669,Sci-Fi
tt0235166,Drama
tt0278422,Comedy
tt0331314,Adventure
tt0331314,Comedy
tt0337383,Drama
tt0339091,Action
tt0339091,Drama
tt0339736,Horror
tt0347307,Drama
tt0352314,Crime
tt0352314,Drama
tt0352314,Mystery
tt0360556,Drama
tt0360556,Sci-Fi
tt0360556,Thriller
tt0361953,Drama
tt0361953,Horror
tt0365545,Comedy
tt0365545,Drama
tt0365545,Romance
tt0385887,Crime
tt0385887,Drama
tt0427543,Drama
tt0437086,Action
tt0437086,Adventure
tt0437086,Sci-Fi
tt0441881,Action
tt0441881,Drama
tt0443474,Drama
tt0448115,Action
tt0448115,Adventure
tt0448115,Comedy
tt0451201,Horror
tt0451279,Action
tt0451279,Adventure
tt0451279,Fantasy
tt0456407,Drama
tt0460890,Drama
tt0490215,Drama
tt0491175,Comedy
tt0491175,Crime
tt0491175,Drama
tt0491203,Drama
tt0491203,Romance
tt0493405,Action
tt0493405,Comedy
tt0493405,Crime
tt0493407,Comedy
tt0498381,Drama
tt0498381,Horror
tt0498381,Mystery
tt0499469,Adventure
tt0499469,Drama
tt0499469,Mystery
tt0765465,Family
tt0765465,Fantasy
tt0800325,Comedy
tt0800325,Drama
tt0835802,Comedy
tt0835802,Drama
tt0837563,Horror
tt0837563,Mystery
tt0837563,Thriller
tt0858419,Drama
tt0859635,Comedy
tt0859635,Crime
tt0859635,Mystery
tt0862930,Horror
tt0862930,Thriller
tt0915458,Family
tt0926132,Action
tt0926132,Adventure
tt0926132,Horror
tt0972544,Crime
tt0972544,Drama
tt0972544,Thriller
tt0974015,Action
tt0974015,Adventure
tt0974015,Fantasy
tt10002654,Drama
tt10006270,Comedy
tt10008784,Drama
tt10009434,Comedy
tt10009434,Drama
tt10012964,Others
tt10016532,Drama
tt10016532,Romance
tt10017956,Drama
tt10022384,Romance
tt10023080,Drama
tt10034272,Drama
tt10034272,Family
tt10039344,Horror
tt10039344,Thriller
tt10039468,Comedy
tt10039468,Drama
tt10045434,Comedy
tt10045434,Drama
tt10046236,Horror
tt10048556,Thriller
tt10055770,Crime
tt10055770,Drama
tt10055770,Thriller
tt10076106,Comedy
tt10076106,Drama
tt10076106,Romance
tt10076722,Action
tt10077998,Comedy
tt10077998,Crime
tt10080924,Drama
tt10084190,Comedy
tt10084190,Drama
tt10084190,Romance
tt10091696,Horror
tt10097364,Drama
tt10102350,Comedy
tt10115562,Comedy
tt10121762,Action
tt10121762,Thriller
tt10122038,Drama
tt10122392,Thriller
tt10125662,Comedy
tt10125662,Drama
tt10125662,Family
tt10133300,Action
tt10133300,Crime
tt10133300,Thriller
tt10140922,Drama
tt10143498,Comedy
tt10145122,Comedy
tt10145122,Drama
tt10145122,Romance
tt10147382,Drama
tt10151260,Action
tt10151260,Comedy
tt10151260,Crime
tt10152214,Action
tt10152214,Comedy
tt10152214,Family
tt10155342,Drama
tt10156112,Drama
tt10156112,Romance
tt10161238,Comedy
tt10161238,Crime
tt10182822,Drama
tt10183616,Comedy
tt10187686,Comedy
tt10187686,Drama
tt10187766,Others
tt10195210,Drama
tt10196142,Comedy
tt10196142,Drama
tt10199586,Drama
tt10199590,Crime
tt10199590,Drama
tt10199640,Drama
tt10199670,Drama
tt10204366,Drama
tt10204366,Thriller
tt10207850,Thriller
tt10207954,Action
tt10207954,Thriller
tt10208194,Drama
tt10208198,Action
tt10208198,Crime
tt10208198,Drama
tt10214826,Action
tt10214826,Comedy
tt10214826,Crime
tt10214842,Comedy
tt10214842,Crime
tt10214842,Thriller
tt10217550,Crime
tt10217550,Mystery
tt10217550,Thriller
tt10218664,Drama
tt10218674,Action
tt10218674,Drama
tt10223546,Comedy
tt10223546,Drama
tt10223546,Romance
tt10228204,Drama
tt10237612,Comedy
tt10237612,Drama
tt10238788,Action
tt10238788,Adventure
tt10238788,Sci-Fi
tt10239930,Others
tt10243678,Comedy
tt10243678,Drama
tt10244760,Drama
tt1024855,Action
tt1024855,Thriller
tt1025100,Action
tt1025100,Drama
tt1025100,Sci-Fi
tt10253466,Others
tt10253816,Action
tt10253816,Adventure
tt10255320,Thriller
tt10263320,Comedy
tt10272534,Drama
tt10275440,Action
tt10275440,Drama
tt10275440,Mystery
tt10276554,Action
tt10276554,Drama
tt10279010,Action
tt10279010,Crime
tt10280220,Comedy
tt10280220,Drama
tt10280220,Horror
tt10295602,Action
tt10298454,Comedy
tt10298454,Drama
tt10298896,Romance
tt10303892,Others
tt10305328,Action
tt10305328,Adventure
tt10305328,Drama
tt10305616,Action
tt10305616,Drama
tt10305616,Romance
tt10310222,Drama
tt10310222,Thriller
tt10318332,Comedy
tt10320050,Comedy
tt10320050,Family
tt10323688,Action
tt10323688,Crime
tt10323688,Drama
tt10324144,Crime
tt10324144,Drama
tt10325070,Horror
tt10327712,Others
tt10327842,Sci-Fi
tt10329842,Action
tt10330046,Drama
tt10334602,Action
tt10334602,Thriller
tt10334624,Comedy
tt10334624,Horror
tt10340618,Comedy
tt10341248,Horror
tt1034385,Adventure
tt1034385,Horror
tt1034385,Sci-Fi
tt1034415,Fantasy
tt1034415,Horror
tt1034415,Mystery
tt10360782,Comedy
tt10360782,Drama
tt10364402,Comedy
tt10370116,Drama
tt10370402,Action
tt10370402,Comedy
tt10370434,Romance
tt10370932,Crime
tt10370932,Drama
tt10370932,Thriller
tt10375682,Comedy
tt10375682,Crime
tt10378798,Action
tt10378798,Horror
tt10380266,Drama
tt10381126,Action
tt10381126,Comedy
tt10384108,Comedy
tt10384108,Drama
tt10384744,Adventure
tt10384744,Comedy
tt10384744,Crime
tt10392792,Action
tt10392792,Drama
tt10392792,Romance
tt10394822,Drama
tt10405902,Comedy
tt10407272,Comedy
tt10407272,Drama
tt10407272,Romance
tt10409590,Crime
tt10409590,Drama
tt10410520,Comedy
tt10411954,Thriller
tt10419266,Action
tt10419266,Adventure
tt10431010,Drama
tt10431500,Drama
tt10438658,Comedy
tt10438658,Drama
tt10443252,Crime
tt10443252,Drama
tt10443252,Thriller
tt10443808,Action
tt10443808,Drama
tt10444252,Drama
tt10444252,Mystery
tt10444252,Thriller
tt10452466,Romance
tt10495746,Drama
tt10495746,Family
tt10495912,Drama
tt10495912,Family
tt10495912,Romance
tt10497826,Action
tt10497826,Thriller
tt10498810,Horror
tt10498810,Mystery
tt10498810,Thriller
tt10503934,Action
tt10503934,Adventure
tt10503934,Drama
tt10504752,Comedy
tt10504928,Others
tt10510654,Action
tt10510654,Drama
tt10514532,Horror
tt10515086,Drama
tt10515086,Horror
tt10515086,Mystery
tt10515340,Horror
tt10518924,Comedy
tt10518924,Drama
tt10519182,Comedy
tt10519182,Drama
tt10521814,Fantasy
tt10521814,Horror
tt10540024,Drama
tt10545040,Crime
tt10545040,Mystery
tt10545040,Thriller
tt10545470,Drama
tt10545484,Crime
tt10545484,Drama
tt10545484,Thriller
tt10550884,Action
tt10550884,Horror
tt10550884,Thriller
tt10551118,Action
tt10551118,Adventure
tt10551118,Comedy
tt10551420,Drama
tt10551450,Drama
tt10551450,Romance
tt10551608,Comedy
tt10551608,Romance
tt10556036,Drama
tt10556036,Thriller
tt10579992,Comedy
tt10581102,Horror
tt10581102,Sci-Fi
tt10585038,Horror
tt10589914,Crime
tt10589914,Horror
tt10589914,Thriller
tt10592082,Romance
tt10592506,Drama
tt10602172,Drama
tt10604464,Horror
tt10608842,Comedy
tt10608842,Horror
tt10622790,Comedy
tt10622790,Drama
tt10622790,Romance
tt10623524,Comedy
tt10623524,Drama
tt10627720,Fantasy
tt10627720,Thriller
tt10643938,Drama
tt10648440,Action
tt10648440,Comedy
tt10651188,Thriller
tt10656188,Horror
tt10656188,Mystery
tt10656188,Thriller
tt10656240,Comedy
tt10656240,Drama
tt10658960,Horror
tt10659288,Horror
tt10671436,Thriller
tt10675136,Horror
tt10675966,Drama
tt10676902,Comedy
tt10676902,Drama
tt10676902,Romance
tt10682000,Others
tt10687168,Others
tt10695638,Drama
tt10695638,Romance
tt10696882,Comedy
tt10696882,Crime
tt10696882,Drama
tt10702760,Comedy
tt10709404,Action
tt10709404,Comedy
tt10709404,Drama
tt10711648,Comedy
tt10715194,Comedy
tt10715974,Drama
tt10726604,Action
tt10726604,Crime
tt10726756,Comedy
tt10726756,Drama
tt1072748,Drama
tt1072748,Fantasy
tt10731866,Drama
tt10734928,Action
tt10734928,Adventure
tt10738914,Drama
tt10763618,Drama
tt10763618,Romance
tt10763826,Action
tt10764458,Comedy
tt10765852,Others
tt10767168,Drama
tt10767168,Horror
tt10767168,Thriller
tt10767426,Drama
tt10767426,Thriller
tt10768678,Comedy
tt10768678,Drama
tt10783920,Comedy
tt10800758,Horror
tt10800758,Thriller
tt10805432,Horror
tt10805432,Thriller
tt10815982,Action
tt10815982,Drama
tt10816510,Crime
tt10816510,Drama
tt10816510,Romance
tt1082807,Horror
tt1082807,Thriller
tt10834986,Action
tt10860558,Drama
tt10864024,Drama
tt10867504,Drama
tt10869474,Action
tt10869474,Crime
tt10869474,Thriller
tt10883272,Drama
tt10883506,Crime
tt10883506,Drama
tt10885124,Comedy
tt10895780,Drama
tt10895780,Romance
tt10895830,Comedy
tt10901588,Drama
tt10914342,Drama
tt10927122,Comedy
tt10927122,Horror
tt10944714,Action
tt10944714,Thriller
tt10958282,Crime
tt10975452,Comedy
tt10975452,Horror
tt10975452,Thriller
tt10984586,Thriller
tt11006522,Drama
tt11020466,Comedy
tt11027104,Comedy
tt11041136,Drama
tt11041754,Comedy
tt11046300,Comedy
tt11062388,Others
tt11066130,Drama
tt11110904,Comedy
tt11110904,Horror
tt11134856,Drama
tt11163028,Comedy
tt11238648,Comedy
tt1127881,Drama
tt1131724,Thriller
tt1131728,Comedy
tt1131728,Romance
tt1134664,Comedy
tt1134664,Drama
tt1137450,Action
tt1137450,Crime
tt1137450,Drama
tt1139592,Action
tt1139592,Horror
tt1139592,Mystery
tt1148205,Drama
tt1158939,Drama
tt1183352,Adventure
tt1194238,Crime
tt1194238,Drama
tt1194606,Crime
tt1194606,Drama
tt1194606,Mystery
tt1206885,Action
tt1206885,Adventure
tt1206885,Thriller
tt1212428,Drama
tt1213641,Drama
tt1219827,Action
tt1219827,Drama
tt1219827,Sci-Fi
tt1225856,Drama
tt1225856,Thriller
tt1226837,Drama
tt1227927,Sci-Fi
tt1227927,Thriller
tt1230168,Drama
tt1235187,Drama
tt1235187,Romance
tt1241317,Adventure
tt1241317,Crime
tt1241317,Drama
tt1249439,Thriller
tt1253859,Action
tt1253859,Fantasy
tt1255919,Comedy
tt1255919,Crime
tt1255919,Mystery
tt1259528,Action
tt1259528,Crime
tt1259528,Drama
tt1270797,Action
tt1270797,Sci-Fi
tt1270797,Thriller
tt1272016,Drama
tt1272016,Family
tt1273221,Crime
tt1273221,Mystery
tt1273221,Thriller
tt1281966,Action
tt1281966,Drama
tt1285009,Horror
tt1286146,Action
tt1286146,Crime
tt1286146,Drama
tt1288367,Comedy
tt1288367,Romance
tt1289403,Drama
tt1289403,Romance
tt1291566,Drama
tt1291566,Mystery
tt1291566,Romance
tt1293847,Action
tt1293847,Adventure
tt1293847,Thriller
tt1298644,Comedy
tt1298644,Crime
tt1301178,Drama
tt1302006,Crime
tt1302006,Drama
tt1308728,Action
tt1308728,Comedy
tt1308728,Crime
tt1318517,Adventure
tt1318517,Comedy
tt1318517,Drama
tt1330018,Drama
tt1334514,Comedy
tt1338635,Horror
tt1362141,Comedy
tt1362141,Drama
tt1365519,Action
tt1365519,Adventure
tt1365519,Fantasy
tt1366338,Adventure
tt1366338,Crime
tt1366338,Drama
tt1380151,Drama
tt1380151,Horror
tt1380151,Mystery
tt1386583,Horror
tt1386583,Sci-Fi
tt1386583,Thriller
tt1386691,Crime
tt1386691,Drama
tt1386691,Mystery
tt1389072,Drama
tt1389072,Sci-Fi
tt1389098,Drama
tt1396484,Horror
tt1401621,Drama
tt1401621,Fantasy
tt1412528,Comedy
tt1412528,Drama
tt1412528,Romance
tt1413492,Action
tt1413492,Drama
tt1431347,Drama
tt1454700,Drama
tt1454700,Thriller
tt1458169,Crime
tt1458169,Drama
tt1458169,Thriller
tt1464763,Mystery
tt1464763,Sci-Fi
tt1464763,Thriller
tt1469304,Action
tt1469304,Comedy
tt1469304,Crime
tt1477834,Action
tt1477834,Adventure
tt1477834,Fantasy
tt1478839,Comedy
tt1478839,Drama
tt1478839,Romance
tt1485796,Drama
tt1488606,Action
tt1488606,Adventure
tt1488606,Crime
tt1489887,Comedy
tt1492705,Comedy
tt1492705,Drama
tt1492705,Romance
tt1502407,Horror
tt1502407,Thriller
tt1507002,Drama
tt1507571,Drama
tt1517451,Drama
tt1517451,Romance
tt1517471,Comedy
tt1517471,Drama
tt1525916,Comedy
tt1525916,Drama
tt1536537,Action
tt1536537,Crime
tt1536537,Drama
tt1542484,Comedy
tt1544608,Drama
tt1544608,Mystery
tt1544608,Thriller
tt1553659,Adventure
tt1553659,Drama
tt1553659,Romance
tt1558259,Horror
tt1558259,Sci-Fi
tt1558259,Thriller
tt1560220,Action
tt1560220,Comedy
tt1560220,Horror
tt1563742,Comedy
tt1563742,Romance
tt1564777,Adventure
tt1564777,Drama
tt1564777,Fantasy
tt1571234,Action
tt1571234,Adventure
tt1571234,Fantasy
tt1590193,Action
tt1590193,Mystery
tt1590193,Thriller
tt1604064,Action
tt1604064,Comedy
tt1604064,Horror
tt1604560,Horror
tt1610525,Drama
tt1615160,Action
tt1615160,Thriller
tt1618434,Action
tt1618434,Comedy
tt1618434,Crime
tt1619029,Drama
tt1620680,Adventure
tt1620680,Family
tt1620680,Fantasy
tt1620981,Comedy
tt1620981,Family
tt1633217,Comedy
tt1633217,Drama
tt1640605,Horror
tt1640605,Thriller
tt1646972,Thriller
tt1648190,Action
tt1648190,Adventure
tt1648190,Fantasy
tt1650060,Action
tt1650060,Adventure
tt1650060,Drama
tt1650535,Crime
tt1650535,Thriller
tt1653665,Drama
tt1661275,Comedy
tt1661275,Drama
tt1661275,Romance
tt1663222,Action
tt1663222,Adventure
tt1663222,Horror
tt1666185,Drama
tt1666187,Action
tt1666187,Adventure
tt1666187,Comedy
tt1667321,Drama
tt1667321,Romance
tt1667354,Drama
tt1674768,Crime
tt1674768,Drama
tt1677720,Action
tt1677720,Adventure
tt1677720,Sci-Fi
tt1680140,Action
tt1680140,Adventure
tt1680140,Drama
tt1682886,Drama
tt1682886,Romance
tt1690967,Drama
tt1691916,Drama
tt1691916,Fantasy
tt1691916,Mystery
tt1691924,Horror
tt1698655,Horror
tt1699518,Drama
tt1712192,Action
tt1712192,Thriller
tt1715751,Crime
tt1715751,Drama
tt1718924,Drama
tt1718998,Comedy
tt1720035,Action
tt1720035,Drama
tt1720035,Thriller
tt1720621,Drama
tt1720621,Thriller
tt1724970,Action
tt1724970,Adventure
tt1724970,Horror
tt1727396,Drama
tt1727497,Action
tt1727497,Crime
tt1727497,Drama
tt1727824,Drama
tt1734493,Action
tt1734493,Drama
tt1734493,Mystery
tt1736046,Horror
tt1740683,Drama
tt1748051,Thriller
tt1753786,Action
tt1753786,Adventure
tt1753786,Drama
tt1754316,Action
tt1754316,Drama
tt1754316,Thriller
tt1757831,Comedy
tt1757831,Horror
tt1758810,Crime
tt1758810,Drama
tt1758810,Mystery
tt1759744,Crime
tt1759744,Drama
tt1773753,Crime
tt1773753,Horror
tt1773753,Thriller
tt1774591,Drama
tt1774591,Thriller
tt1776097,Horror
tt1780790,Horror
tt1780790,Sci-Fi
tt1780790,Thriller
tt1780967,Drama
tt1780967,Thriller
tt1781058,Comedy
tt1781058,Drama
tt1785288,Drama
tt1785288,Thriller
tt1785635,Crime
tt1785635,Horror
tt1785635,Mystery
tt1790809,Action
tt1790809,Adventure
tt1790809,Fantasy
tt1791611,Action
tt1791611,Crime
tt1791611,Drama
tt1791687,Drama
tt1799516,Crime
tt1799516,Drama
tt1799516,Family
tt1800302,Crime
tt1800302,Drama
tt1801552,Crime
tt1801552,Drama
tt1806913,Action
tt1806913,Comedy
tt1806913,Fantasy
tt1824932,Drama
tt1825683,Action
tt1825683,Adventure
tt1825683,Sci-Fi
tt1826956,Action
tt1826956,Drama
tt1826956,Thriller
tt1833116,Crime
tt1833116,Drama
tt1837636,Adventure
tt1837636,Drama
tt1841642,Horror
tt1841642,Thriller
tt1843303,Action
tt1843303,Adventure
tt1843303,Comedy
tt1846589,Action
tt1846589,Thriller
tt1854582,Horror
tt1855282,Drama
tt1856101,Action
tt1856101,Drama
tt1856101,Mystery
tt1859476,Comedy
tt1859476,Drama
tt1860242,Crime
tt1860242,Drama
tt1863293,Drama
tt1869347,Crime
tt1869347,Drama
tt1869347,Mystery
tt1869491,Horror
tt1869491,Mystery
tt1869491,Thriller
tt1880399,Drama
tt1880415,Drama
tt1880415,Romance
tt1881109,Comedy
tt1881109,Drama
tt1884378,Mystery
tt1884378,Sci-Fi
tt1884378,Thriller
tt1895315,Drama
tt1895315,Mystery
tt1895315,Thriller
tt1901024,Crime
tt1901024,Drama
tt1901024,Thriller
tt1922544,Drama
tt1928334,Comedy
tt1928334,Drama
tt1934452,Horror
tt1934452,Mystery
tt1935089,Drama
tt1935089,Romance
tt1935194,Action
tt1935194,Thriller
tt1935897,Horror
tt1935897,Thriller
tt1937340,Drama
tt1937340,Romance
tt1946502,Adventure
tt1946502,Comedy
tt1950186,Action
tt1950186,Drama
tt1950235,Comedy
tt1950235,Romance
tt1961175,Action
tt1961175,Thriller
tt1966359,Comedy
tt1966359,Drama
tt1966385,Crime
tt1966385,Drama
tt1966385,Thriller
tt1967614,Comedy
tt1967614,Drama
tt1971310,Comedy
tt1971310,Drama
tt1971310,Romance
tt1972591,Action
tt1972591,Adventure
tt1972591,Drama
tt1977094,Sci-Fi
tt1977094,Thriller
tt1979376,Adventure
tt1979376,Comedy
tt1981128,Action
tt1981128,Sci-Fi
tt1981128,Thriller
tt1986202,Drama
tt1986202,Horror
tt1986202,Thriller
tt1987680,Comedy
tt1987680,Drama
tt1995458,Action
tt1995458,Comedy
tt1995458,Crime
tt1999890,Horror
tt1999995,Horror
tt1999995,Thriller
tt2002742,Comedy
tt2002742,Drama
tt2002742,Thriller
tt2011223,Comedy
tt2011223,Drama
tt2011223,Romance
tt2011311,Crime
tt2011311,Drama
tt2011311,Thriller
tt2018069,Drama
tt2018069,Horror
tt2018069,Sci-Fi
tt2018111,Drama
tt2024521,Drama
tt2034176,Action
tt2034176,Horror
tt2034176,Thriller
tt2034800,Action
tt2034800,Adventure
tt2034800,Fantasy
tt2039338,Drama
tt2039338,Horror
tt2039338,Mystery
tt2039380,Adventure
tt2039380,Sci-Fi
tt2039412,Drama
tt2039412,Mystery
tt2039412,Thriller
tt2042692,Drama
tt2042692,Mystery
tt2042692,Thriller
tt2049518,Comedy
tt2049518,Horror
tt2049518,Thriller
tt2050452,Drama
tt2051850,Action
tt2051850,Drama
tt2062700,Drama
tt2062700,Romance
tt2066051,Drama
tt2069797,Horror
tt2069797,Thriller
tt2072233,Action
tt2072233,Crime
tt2072233,Thriller
tt2073600,Drama
tt2076826,Comedy
tt2088950,Drama
tt2088950,Thriller
tt2090465,Mystery
tt2090465,Thriller
tt2091256,Action
tt2091256,Comedy
tt2094195,Crime
tt2094195,Drama
tt2094195,Mystery
tt2098669,Drama
tt2114504,Comedy
tt2114504,Family
tt2119532,Drama
tt2119543,Comedy
tt2119543,Fantasy
tt2119543,Horror
tt2125650,Horror
tt2125650,Mystery
tt2125650,Thriller
tt2126357,Comedy
tt2126357,Drama
tt2126357,Romance
tt2139881,Comedy
tt2139881,Romance
tt2140507,Drama
tt2140629,Comedy
tt2140629,Thriller
tt2149360,Drama
tt2149360,Horror
tt2149360,Thriller
tt2150177,Action
tt2150177,Comedy
tt2150177,Drama
tt2155399,Drama
tt2157045,Horror
tt2157045,Mystery
tt2157045,Thriller
tt2160105,Fantasy
tt2160105,Thriller
tt2170667,Drama
tt2179155,Comedy
tt2179231,Comedy
tt2179734,Crime
tt2179734,Drama
tt2179734,Thriller
